user,item,recommended
1,1,0.029437249863051813
1,7,0.6378526527051808
1,8,0.13472338490464436
1,11,0.7131650785210476
1,14,0.9999999709526257
1,15,0.2763675878886556
1,18,1.1465635422775238
1,20,0.9999999726138729
1,24,0.15806291583972748
1,25,1.9999998102633585
1,29,0.7868494778032017
1,31,1.3953470092624936
1,33,0.4202585447797865
1,34,0.9999998403128314
1,36,0.14639247823976115
1,40,0.5711584988768416
1,47,1.9999999467709366
1,53,0.1500704469903164
1,54,1.0343168455939553
1,56,1.9999998975304976
1,57,1.420204066350714
1,60,0.574764869448596
1,64,1.7966614808597374
1,67,1.3874257936207899
1,71,0.9999999743826238
1,72,1.9999998225176223
1,73,0.9999998904555005
1,76,0.9999999357738413
1,78,0.9999999487652488
1,80,0.36416317961300887
1,85,0.41640784092011773
1,86,1.9999996205267527
1,87,1.8536074750062306
1,89,0.4686269602177561
1,90,0.23441237310198593
1,91,0.9303886869208153
1,92,0.026032824119547313
1,94,0.9999999012579215
1,95,0.11516358395977444
1,98,0.577794868138238
1,100,0.9999999051316792
2,1,1.9999996020051043
2,8,0.5504906696752861
2,10,0.9999999235147132
2,12,0.9999999388442599
2,14,1.1057668771578346
2,15,0.08083566364126343
2,18,1.260538690450765
2,20,0.9999999681801959
2,25,0.4058544882953214
2,31,1.673696997900989
2,33,0.588010809032868
2,35,1.1015812654566755
2,36,0.22086422493963764
2,45,0.9999998625227481
2,47,1.2957082004144933
2,53,0.20769503094993025
2,54,1.9999999470849752
2,56,1.683465711849553
2,57,1.9999999438751408
2,60,0.9999999051316792
2,64,1.3022684124195327
2,65,0.999999887750291
2,67,1.9999998470294265
2,77,0.9999998918334735
2,78,0.8417328559247765
2,86,0.999999887750291
2,87,1.7488335395968928
2,89,0.8621428721451183
2,91,0.5888468095241872
2,95,0.3669314905095803
3,1,0.9999999367544509
3,7,1.0324832829471953
3,11,0.5334827902248737
3,14,0.9999999163340044
3,18,0.050122672194681264
3,25,1.9999999225403362
3,30,1.922070776764922
3,31,0.9999999481813371
3,33,0.9999999452277473
3,36,1.9999999860829327
3,38,0.5017369265969251
3,42,0.5149533837602087
3,49,0.593121778896117
3,51,0.24660605050835727
3,52,0.9999999721113333
3,53,0.9999999812796915
3,54,1.4807406562941101
3,55,1.8193502085525095
3,56,0.7303039679957998
3,63,0.989794828280287
3,65,0.9999999163340044
3,67,0.30348230775622825
3,78,1.3333332807459595
3,85,1.9999997470178192
3,86,1.6043560231537344
3,87,0.9999999078045639
3,89,1.3892671976136182
4,2,1.9999996501429476
4,5,1.9999998110555817
4,6,0.08785311043913419
4,7,1.9999996405560494
4,8,1.9999996405560494
4,9,0.6475295386113343
4,16,0.8247700323072328
4,25,1.9999999322268336
4,26,0.26061230380981565
4,28,1.9999997980099218
4,29,1.796183524805015
4,32,0.4874687225328669
4,33,1.1206879267286969
4,44,0.9999999285857208
4,67,0.2898979338554969
4,69,0.2002783775784809
4,70,0.29257883819662744
4,72,0.26212131650413883
4,76,0.3004422001560504
4,77,0.9999998250714738
4,80,0.9999999078045639
4,82,0.41657384740544495
4,85,1.9999996501429476
4,90,2.4866303000629078
4,100,1.7206870013873463
5,2,0.4120680256682168
5,4,1.9999997361819157
5,5,0.5778555907528833
5,6,0.279689771083765
5,7,1.6666665723857679
5,10,0.8652028732026081
5,13,0.6893719378633064
5,15,1.9999997185750942
5,21,0.213935251757166
5,24,0.5760434374044201
5,25,1.999999900080037
5,26,0.2359977550118754
5,28,1.8845792791963722
5,29,1.129751085850855
5,30,0.5519814967612868
5,31,0.49545415912931523
5,32,0.1435677633998715
5,33,1.999999900080037
5,37,0.9999999632561638
5,40,0.8255998302627849
5,49,0.4727149820280448
5,53,0.9999999400000036
5,55,0.9999999151471936
5,59,0.571428551036742
5,61,0.27470305663998207
5,62,0.7683374959183478
5,64,0.9999997755006071
5,69,0.6205637554408299
5,76,1.045948305060854
5,77,0.9999998960769624
5,78,1.9999998703851944
5,80,0.30681996283269386
5,82,2.518480513566714
5,83,0.4364916626682257
5,85,0.23733841617069565
5,90,1.7464801664425682
5,96,0.14093532768733535
5,99,0.9999999500400185
5,100,1.9999997980099218
6,2,0.9999998302944013
6,8,0.8633486185664218
6,9,0.01748462750748495
6,13,0.2005294530842085
6,14,1.9999997502001114
6,15,1.9999998877502847
6,16,0.9999999116823992
6,22,1.9999998877502847
6,24,0.9999999375500239
6,25,1.999999985671612
6,26,0.36140475002020883
6,29,2.4999999219375275
6,33,1.1209617480916536
6,36,1.1428571151501024
6,44,0.24999998939339874
6,46,0.07072496803831563
6,50,0.35100039026098395
6,59,0.999999968775011
6,61,0.3753611876526091
6,64,0.10608319196227818
6,65,1.2120085270083032
6,67,1.4163622972370182
6,69,0.7096879231570702
6,75,0.9999998932292289
6,76,1.171572832394921
6,78,0.5280786700533202
6,81,1.0113156987416285
6,84,0.39228092994422387
6,86,0.9614813544522628
6,88,0.839412442401309
6,90,1.447029166748543
6,91,0.5295142193667797
6,92,1.2527852638286938
6,98,0.25973945198295423
6,100,1.1670646268458404
7,4,1.9999998476845495
7,5,1.2970503909521014
7,6,1.694919353696728
7,10,0.9999999187596226
7,13,0.9999999187596226
7,15,1.9999998375192451
7,17,0.8278365602281139
7,20,2.999999935482562
7,21,1.0322916611641468
7,29,1.4999999513944462
7,31,1.1655009400248106
7,35,0.9999999726138729
7,38,0.999999965358985
7,39,1.9999998375192451
7,40,0.03470675335156606
7,43,1.9999998375192451
7,61,1.7797968909176765
7,64,0.9999999351925972
7,65,1.9999999569883746
7,69,1.1699433918387356
7,72,1.9999998703851944
7,84,1.99999993071797
7,96,1.9999998476845495
8,18,0.9999999541742451
8,25,0.9999999541742451
8,45,0.999999991791288
8,93,0.9999999541742451
9,1,0.06853451290022038
9,2,0.3660253830291847
9,3,1.7465795814765412
9,4,1.9999998864707638
9,7,1.078321497380731
9,8,1.9999999842411735
9,11,0.8594577758376877
9,14,0.8263451015066685
9,15,0.22503559446785462
9,17,0.09127753295520152
9,18,0.22574367288852673
9,20,0.3131842421726618
9,21,0.4625467420452363
9,22,1.0729000608986177
9,23,0.23166246777814994
9,24,0.11306296034994412
9,25,0.16707722824665996
9,26,0.20430244572259898
9,32,0.5884503634172598
9,35,0.772233264235409
9,38,0.9999999211189425
9,41,1.9999999827305415
9,44,1.9250553381226205
9,47,1.2394981105940848
9,51,0.21575786108933714
9,54,0.4202040797737109
9,57,0.999999943235382
9,61,0.9999999700031418
9,64,0.4772674869835929
9,67,1.3022839150893735
9,68,1.6363635385883757
9,70,1.0729489699855685
9,72,0.9378032152785434
9,73,0.9999999403715242
9,76,9.097223086309863e-17
9,80,0.6317469912951461
9,82,1.999999739231938
9,84,1.9999995804765487
9,86,1.1692892011271265
9,93,1.9999996366820234
9,96,1.7054234106522004
9,100,0.9999998904555005
10,2,1.9999995757360212
10,6,0.7471040349958203
10,7,0.6043560446297872
10,10,0.9999999281929721
10,13,0.9999999607430845
10,15,0.9445036289152977
10,16,0.09845516516767944
10,18,0.5706272735254099
10,20,0.9999999688195228
10,25,0.9999999427178071
10,26,0.491537286144665
10,28,0.9999999133974672
10,31,0.9999999281929721
10,32,0.6334283677171396
10,35,0.392280942732487
10,43,2.2196704279099495
10,44,0.9999999566987318
10,45,0.9999999427178071
10,47,0.99999990000001
10,53,1.8071727089903264
10,54,0.7751566883103586
10,55,0.3981116800805956
10,56,1.999999735424904
10,71,1.7518394217380568
10,72,0.9999999440983037
10,77,0.3451409732307394
10,79,0.9999999469669942
10,80,0.7337053276883339
10,92,0.9999999688195228
10,93,0.07400867877085966
10,100,0.9999999566987318
11,1,0.9999999932735318
11,2,0.6833439556259238
11,4,1.160385857256172
11,5,0.9999998311805983
11,6,0.7446982007395606
11,8,1.9999999298815607
11,10,1.4907375210481821
11,11,0.9999999128220288
11,14,1.02729301368548
11,15,1.9999996005003926
11,21,0.8544609236494892
11,22,0.6446143803723196
11,23,0.37617849107221263
11,25,0.16707723127081928
11,26,0.1549100080308774
11,31,0.34227466925425154
11,33,0.9999998490033342
11,35,1.5386917355038245
11,37,0.9999999423371904
11,38,0.9999998932292289
11,41,1.9999998256440576
11,58,0.5479216885311486
11,59,1.999999940092666
11,61,0.9999999413165305
11,65,0.9239978677550786
11,67,0.9999999843651274
11,69,0.6516684773026679
11,70,0.1678017923641576
11,72,1.9999998100000183
11,73,0.8042255368033068
11,77,0.9999999537668971
11,78,2.2205344579222768
11,81,0.7005153628697292
11,82,0.9999999589039084
11,84,1.1400290775843558
11,91,0.14051302121304476
11,92,1.9999996005003926
11,96,1.7829593804357058
12,2,0.8541019307924114
12,7,0.999999920627467
12,9,0.5291686712205501
12,10,0.44526970614503814
12,11,0.7970273598365167
12,12,0.5010933878104948
12,13,0.5421076915543285
12,14,0.9999999789640095
12,15,0.8812975614766562
12,17,0.7617054281345462
12,20,2.999999163758641
12,26,0.535898356944472
12,28,0.999999920627467
12,31,1.247822344887961
12,32,0.3253095535551974
12,34,0.6144979080145713
12,35,0.9999999621213957
12,36,0.7944607696699628
12,37,0.25757881568536
12,38,0.9999998285357474
12,39,1.999999982638097
12,44,1.9999996570714949
12,47,1.9999999871765666
12,51,0.278710172896043
12,52,0.9999999571339314
12,55,1.3857122509737998
12,61,0.9999999913881457
12,62,1.1790293109542085
12,64,1.1525801266443054
12,65,1.1123818897912174
12,67,0.6288138391626167
12,76,0.999999924006585
12,77,0.9999999710111253
12,80,0.6134149983978507
12,85,1.2486243905713756
12,89,0.8431900124455388
12,92,0.9145513327803125
12,96,0.9999999351925972
13,6,0.9999997185751336
13,7,0.9999998302944013
13,10,1.5205261333982496
13,15,1.9999994371502672
13,18,0.6899603944507644
13,22,1.1818802818203786
13,24,0.999999916733367
13,25,1.1806497136787628
13,27,0.6471490051694141
13,28,1.1499581971503137
13,29,0.3408065415427779
13,30,0.9999997407704392
13,31,0.9999998650641692
13,32,1.1967238896110708
13,37,0.9999999908883944
13,45,0.9999999625834276
13,47,0.44414738379816965
13,50,0.9350666277630216
13,55,0.18064974433604108
13,59,1.999999833466734
13,67,0.9999999556072293
13,73,0.8958078613987167
13,78,1.9999994815408784
13,80,0.026181200805102965
13,88,0.12257900587066395
13,91,0.9999998614359547
13,93,0.6098960316942944
13,94,0.11667508038209881
13,98,0.36564501655538684
14,7,0.33738634686637814
14,8,0.9999999379516357
14,11,0.5108746907297554
14,13,0.9999999351925972
14,18,1.9999999340033694
14,28,0.9999999351925972
14,30,1.9999999442226666
14,35,0.9999999351925972
14,36,1.9999999442226666
14,37,0.9999999351925972
14,39,1.9999999142678628
14,47,0.7883194213871939
14,52,0.9999999911787847
14,53,0.9999999670016847
14,54,0.6951064349959892
14,55,1.884424189421999
14,56,1.9999999340033694
14,61,0.9999999571339314
14,76,0.9999999379516357
14,78,0.9999999670016847
14,80,0.10604795258246286
14,85,0.9151734666954489
14,89,1.9999997883399177
14,95,0.9999999670016847
15,1,1.9999999036211227
15,2,0.636248757806214
15,5,1.4580398581995535
15,6,1.0232466845986794
15,9,1.124104628812324
15,10,1.9999997693487748
15,14,0.9999998369049623
15,18,0.2001933098638901
15,20,0.9165372825677531
15,23,0.9999999518105613
15,26,1.068835456136499
15,29,0.10387503604704221
15,30,0.9999998846743874
15,31,1.7353668166710927
15,34,1.6919783433309052
15,35,1.351988174453891
15,36,0.8943896278840036
15,37,0.30216946872199557
15,42,0.7809538023839724
15,50,0.9999999245016614
15,55,1.1336765721288955
15,61,1.126773855751041
15,65,1.1940989323000846
15,67,0.13544333518815305
15,77,0.9999999075337985
15,78,1.9999998868107731
15,81,0.8941768537123532
15,84,1.9999999036211227
15,85,1.319514057889284
15,87,1.23364018629376
15,89,1.999999938355862
15,91,0.5890924956023695
16,1,0.9999999926918329
16,5,0.9999999452277473
16,15,0.9878030322203225
16,30,1.9999998735089017
16,31,1.9999998904554945
16,33,0.9999999307179726
16,35,0.9999999452277473
16,36,0.27305411663388024
16,38,0.6861406460202024
16,40,0.9999999307179726
16,49,1.131005794374202
16,53,0.6569296542331879
16,73,0.4064060044459467
16,78,1.9999999178078167
16,82,1.4484887761830882
16,84,0.9999999589039084
16,91,0.9999999200000065
16,92,1.9999998703851944
16,96,1.0583373753595355
17,6,1.6413540502932875
17,16,0.9510816299591492
17,17,0.1781833172879174
17,18,0.9999999513944472
17,20,2.9999997419302646
17,25,1.2485264541951282
17,26,0.9999999632576553
17,29,0.9999998055778169
17,33,0.9999998960769624
17,36,0.3999999882424496
17,40,0.17347823461392237
17,42,1.9999996825098931
17,44,0.9999999632576553
17,45,0.9999999513944472
17,50,0.9443040554664199
17,51,1.999999946966993
17,53,1.9999998939339885
17,58,0.9125895030759407
17,59,1.9999996501429476
17,61,1.9999998279535096
17,65,1.9999998279535096
17,69,1.2229724825947215
17,71,1.9999998939339885
17,72,1.9999996111556337
17,74,0.27429539098177813
17,78,2.999999475214421
17,79,1.2738487666172151
17,82,0.9114430708658002
17,87,1.9999996825098931
17,93,0.6389661420552041
17,100,0.7007113661157017
18,1,0.2967124409654289
18,5,0.9999999487652488
18,18,0.08168733691481068
18,23,0.9999999122503639
18,28,1.1730831707383056
18,29,0.4036981949742234
18,31,1.2693273818929443
18,32,1.9999997633568367
18,34,1.654195825125207
18,35,0.7507293797883972
18,36,0.9999998909128908
18,65,0.6920998034426967
18,66,1.5425555589871274
18,83,0.9999998816784184
18,84,1.9999998245007278
18,85,0.9999999423371904
18,87,0.9999998909128908
18,91,0.9999998909128908
19,1,1.999999751806558
19,3,1.9999998816784115
19,7,2.359245419996751
19,8,1.9999998816784115
19,12,0.6762634842946486
19,14,0.9999999707501196
19,15,0.4852813478039854
19,18,0.6160755248165654
19,22,1.704950351810534
19,23,0.999999875903279
19,24,0.7187100345609154
19,27,0.9999999775695525
19,28,0.4987654476261089
19,31,0.6087397897586094
19,35,0.7038333575864019
19,37,0.9999998703852029
19,40,0.47201146768034324
19,41,1.9999998816784115
19,42,1.9999997883399177
19,44,1.9999998816784115
19,51,0.21141562709580014
19,69,1.999999836904949
19,70,0.012822620234613858
19,84,1.999999751806558
19,86,1.999999877797989
19,89,0.5291922312065906
19,100,0.9999999184524745
20,1,0.9999999292893269
20,2,0.5429940401699834
20,5,0.9999999515877105
20,8,1.9999998300326973
20,9,0.9999999646446622
20,11,0.5334827875165249
20,12,0.08188835371876459
20,14,1.2449333585645619
20,25,1.7969636440685255
20,26,0.17655053359633152
20,30,1.9999998881966075
20,31,0.08630688536144243
20,32,0.052691936937873114
20,33,0.8557073308794098
20,34,0.1740568653841943
20,35,0.5983729673620484
20,36,1.999999987810569
20,38,1.8795141052371143
20,43,0.17027264151291271
20,44,1.999999875278095
20,50,0.6126532139251556
20,51,0.5669696919483349
20,56,0.20076267206381965
20,57,0.6217648452356485
20,61,0.9999999376390475
20,63,1.5237053014745947
20,65,1.5947476709905715
20,66,0.5240408108681056
20,67,1.7971445182822354
20,73,0.40640600598022536
20,75,0.9999999413698065
20,77,0.19360508689872186
20,78,0.044485551455382036
20,81,0.05001947930296273
20,84,0.6267843075322468
20,85,0.0929474895245483
20,86,0.03986538686861826
20,88,0.43496450915552004
20,90,1.2817290141411128
20,91,0.2261498104787488
20,92,0.5819268213795808
21,1,0.9999998941699588
21,2,0.33738633948938046
21,6,1.4720111556994915
21,10,1.4487974384501157
21,13,0.6666666427842394
21,15,1.0596126184117574
21,17,0.5825630001830382
21,20,1.2911949322088756
21,22,0.6687766775624391
21,30,0.9999999340033715
21,31,1.1572438764066733
21,32,1.2294201035331567
21,33,1.6202040231286625
21,37,0.9999999340033715
21,43,2.5256214647117976
21,47,0.9999999501112373
21,53,1.9999999376390456
21,56,1.9999997850581706
21,61,1.5112960266082334
21,65,0.5231592697744982
21,67,0.38224911828925184
21,69,0.3520227203846645
21,71,1.9999999376390456
21,78,0.18402671945971913
21,80,1.3333332855684787
21,84,0.9999998703852029
21,87,1.9999996825098931
21,91,0.9999998941699588
21,92,1.195255556073616
21,93,6.753876428833007e-17
22,3,3.0094325468717974e-16
22,5,1.99999991225036
22,7,0.37014927487812926
22,8,0.9865870684393303
22,10,0.9999999154423346
22,11,1.0947634492469471
22,12,0.36377534116496296
22,13,0.2930754301852666
22,14,1.585786359078565
22,17,0.9999998276631503
22,20,1.2155527392742573
22,25,0.9999999154423346
22,28,0.18105021764984305
22,31,1.9999997185750942
22,32,0.47165945779869517
22,35,0.3922809383792972
22,36,0.5405882568980243
22,37,0.5100039733195213
22,39,0.7759299085427155
22,41,0.4970529832088606
22,44,4.163336333677652e-09
22,47,1.9999999070694803
22,52,0.017246507076836146
22,55,1.2264581726449082
22,56,0.5579851825449053
22,58,0.9999999316260331
22,60,0.99999995612518
22,61,0.9999999472618997
22,62,1.9999998010025324
22,64,0.26944676980928867
22,67,1.3416934556490157
22,70,0.42220507530251905
22,71,0.17177139879963774
22,72,1.5064112552391098
22,76,0.875045411932548
22,77,0.999999880417407
22,78,1.081214742087837
22,80,1.0355777028134254
22,83,0.9999998516760523
22,85,1.2882796087076631
22,86,0.5064112918446251
22,87,0.782317248473822
22,91,0.5295142279583933
22,93,0.8548847848209719
23,6,1.99999980404084
23,14,0.9999999837800592
23,18,0.40729650339951873
23,20,1.9999998851087537
23,31,0.9999999587689454
23,34,0.9999999587689454
23,36,0.99999997341601
23,38,0.99999990202042
23,51,1.1404882225283128
23,52,0.9999999911787847
23,55,1.9999998503337157
23,56,1.9999998851087537
23,58,1.999999900000005
23,60,0.9999999683772244
23,65,0.9999999251668579
23,69,0.18326615302339003
23,79,1.999999900000005
23,80,0.1354079028651702
23,86,0.9999999251668579
23,87,0.5366609792630372
23,91,0.2895129542993326
23,93,1.9999998851087537
23,100,0.10290397090460386
24,1,0.3598004582136627
24,7,1.3814871155100217
24,8,0.5554184131301502
24,12,0.25548130088610665
24,14,1.08780224994787
24,17,0.8614622935970967
24,18,1.009624321734587
24,21,0.8260070452682193
24,24,0.3647739574378552
24,29,0.17226428093355642
24,30,0.5429940434722218
24,33,0.5266163450312967
24,34,1.9999996738099246
24,35,0.2908376692323357
24,36,1.092221718716628
24,38,1.9999998129171483
24,47,1.5069389556085646
24,50,0.2699177883310328
24,51,1.0042139470503935
24,52,0.9999999251668579
24,55,0.4208327122247105
24,57,0.13400877382411758
24,58,1.3503246889932083
24,59,0.1407334003659421
24,61,0.7176224492958666
24,62,0.14792395336765543
24,63,0.6754446443772253
24,64,1.99999992286376
24,65,1.0898933708175562
24,72,1.9999996738099246
24,75,0.3333333152116605
24,77,0.04337114725401189
24,78,1.2957082111362106
24,79,0.9735898071212264
24,80,0.5025365350685468
24,81,0.9345027923407123
24,83,0.999999930000005
24,84,0.6511825814161669
24,85,0.6879460834778311
24,86,1.1101306527192734
24,88,0.9126220872184034
24,89,0.8143439528928645
24,98,0.678998830345665
25,1,1.9999998010025324
25,5,0.9999998838105132
25,7,0.33738634241386245
25,10,0.6089163443343595
25,11,0.4899959708264363
25,13,0.3573528264370487
25,14,0.9999999775000005
25,15,0.8257829060616056
25,18,0.8690791261609401
25,20,0.9999999681801959
25,22,1.203776562583206
25,24,0.1233015675837608
25,28,0.15007650465343506
25,31,1.1179648826138102
25,32,0.6556960125321903
25,33,0.6364127806958726
25,35,0.9999999920285728
25,37,0.5100039761723958
25,39,0.14359353281818737
25,53,0.017366986718078906
25,54,1.9999998941699533
25,55,0.9999999532876579
25,56,1.0145049498503866
25,57,1.9999999551001124
25,64,1.9999999419052514
25,67,1.999999731671879
25,78,0.9999999470849766
25,80,0.4502383450069985
25,84,1.1483561623518945
25,85,1.9999999104185051
25,87,1.9999999363603918
25,89,1.0870679502900313
25,91,0.5023006767953853
25,92,0.6612497498854935
26,3,0.8402897771695064
26,6,1.5082706079750496
26,8,1.2077338733959133
26,9,0.2889605636145499
26,11,1.7710192947530716
26,14,0.9999999545852468
26,17,1.7193160261515348
26,18,0.8032919786051302
26,20,2.062194291411844
26,25,0.9999998683755515
26,26,0.7772742383372035
26,31,1.9999997562788776
26,38,0.2647281198243402
26,41,0.8371046355811003
26,43,0.23385516293384703
26,44,1.9999996366820234
26,45,0.029560945775327228
26,46,0.41452458977741663
26,51,0.222024799299382
26,52,0.9999999425543769
26,53,0.13576134682318566
26,54,0.30249613772794376
26,55,0.13139373056098186
26,56,1.8562581682465762
26,60,0.9999999545852468
26,61,1.006940766971274
26,62,0.14792395056967705
26,65,1.9999999166625089
26,69,0.5859154373735819
26,70,0.8793638689031034
26,71,0.9999999357738413
26,72,0.9999999357738413
26,76,0.7069245361429299
26,78,0.6742601368355128
26,80,1.5967546808976936
26,81,0.4246210755051963
26,82,0.10763052493833426
26,87,1.2107951375145467
26,93,1.663863284471254
26,100,0.18764382970299204
27,3,0.8160092390282251
27,7,1.999999805064132
27,8,0.584659176342352
27,9,0.5038463654005686
27,11,0.18846170159208658
27,13,0.33333331906085334
27,20,0.8267490965186532
27,28,1.99999980000002
27,31,0.9999998715476908
27,32,0.30199076087595494
27,33,0.5255980662863059
27,35,0.1666666652777778
27,39,1.9999997430953815
27,41,0.5898909166481378
27,43,1.999999922098766
27,44,1.9999997171573276
27,53,1.9999998881966075
27,56,0.4356654880971115
27,60,0.9999999408392057
27,61,0.9999999525658374
27,62,1.313859280466103
27,64,0.41986839729277026
27,71,1.132712564061553
27,72,1.1667970827115224
27,76,0.5741780895289819
27,80,1.114848271694377
27,90,1.4038003385512539
27,92,1.9999999051316748
27,93,0.6828640159177358
27,100,1.9999998156091279
28,9,0.7700569276206185
28,11,1.9999999005012612
28,12,0.6152374146058922
28,13,0.6238214767952883
28,14,0.9999999729198727
28,18,0.17852519493114602
28,20,1.9999999005012612
28,24,0.26746013679063096
28,25,1.9999998800000072
28,29,1.9999998233647984
28,36,1.9999999496990475
28,38,1.3582752193371397
28,43,0.1809813737252428
28,50,0.9999999400000036
28,54,1.999999816696989
28,56,0.8928428683777713
28,59,0.03704974540545374
28,63,0.37522557654858224
28,65,1.9999998233647984
28,67,1.2971511648150782
28,75,0.9999999622508293
28,80,1.9999999005012612
28,85,0.3724612081074818
28,88,0.9009927903918437
28,90,0.9999999755051032
28,93,1.9999999005012612
28,94,0.9999999116823992
28,98,0.8090745043301047
29,1,1.999999710863396
29,6,1.706041842168463
29,7,0.9999999496677733
29,9,0.6611316772078604
29,10,1.2760463138498772
29,14,0.9999999184524745
29,17,1.5324894903260302
29,18,0.29494003171688293
29,20,1.8217868768159178
29,21,0.6238214590894611
29,23,0.999999855431698
29,24,0.6708467325366643
29,25,0.3007692578198685
29,26,0.6979736336921084
29,29,0.059490105771770205
29,30,0.653957944488588
29,31,1.460604848401521
29,32,1.999999749600351
29,33,1.3538892744654727
29,37,0.9999999423371904
29,38,1.9999995910991175
29,40,0.9999998490033342
29,42,0.8293311859247063
29,44,0.9999999622508293
29,47,1.1828374686417205
29,49,0.25739919042549636
29,55,1.2915215444403654
29,56,0.9999999622508293
29,58,0.101301026931468
29,59,0.9190189475769464
29,61,1.1003040110631621
29,65,1.5516195902679843
29,75,0.9999999909218266
29,78,1.0440044133319946
29,79,0.35545296607372534
29,80,0.5085457268741996
29,84,1.1483561326347753
29,85,1.7084783682125517
29,86,0.5242504374070918
29,87,1.367138011628563
29,88,1.7143454761161836
29,89,0.830302165111614
29,90,0.6863343858964378
29,98,1.9999998518259392
29,100,0.7038582664948241
30,5,0.17097560651841415
30,7,1.5982389377571273
30,8,0.479799143108277
30,10,1.5205261934921666
30,13,1.1654535967452118
30,15,0.9960550680666911
30,18,0.10591017971808064
30,23,0.28513319144776966
30,25,0.8894362605592501
30,27,0.9999999169337683
30,28,0.7008805206082286
30,30,0.9999998166970058
30,31,1.4156059408797317
30,32,0.39968565170466225
30,33,0.6787941642498387
30,35,0.7427519227489081
30,37,0.9999999910191476
30,39,0.8181159162528042
30,40,0.9999999600000016
30,43,0.19590952149727522
30,47,0.4216676592082859
30,51,0.12498543909367885
30,52,0.723651117773868
30,53,0.3978614157656567
30,54,0.16774911437637444
30,55,1.218927872107043
30,61,0.5266713997642557
30,72,1.2638370823741023
30,76,0.9518112005460451
30,78,1.9999996333940115
30,82,1.672213144785656
30,84,1.9999995404350939
30,85,1.53043152871314
30,86,0.876612802227251
30,89,0.20102237089144986
30,99,0.05232830049304965
31,1,1.9999998673350172
31,18,1.9999998673350172
31,23,0.9999999913100581
31,31,1.9999998673350172
31,35,1.9999998673350172
31,84,1.9999998673350172
32,7,2.803337873087465
32,8,1.0437214809268978
32,9,1.9999998990049557
32,14,0.9999999083484945
32,17,0.6835690075930243
32,18,1.9999997407704058
32,22,0.47183093155806716
32,26,0.3138812884787124
32,27,0.9999999412633028
32,28,0.10355338998667205
32,30,1.9999998904554945
32,35,0.9999999753080229
32,37,0.9999999434314607
32,38,0.41421354664818194
32,40,0.9999999811438194
32,41,0.9110668114130857
32,42,0.7962233436901252
32,44,1.9999999160399047
32,46,0.7573674749259608
32,47,0.703257384574205
32,51,0.21928001619005552
32,54,1.066838291957826
32,56,1.9999997407704058
32,61,0.6351977480679447
32,64,1.999999868177695
32,65,0.9999999083484945
32,72,1.391922307032625
32,78,0.9999998703852029
32,80,0.396102868778334
32,83,0.9999999541742451
32,86,1.62098817917163
32,89,0.27547713877886765
33,4,1.9999999461483533
33,6,1.5236375971479712
33,21,1.9999999461483533
33,22,1.9999999040833742
33,27,0.9999999520416871
33,28,1.9999999040833742
33,38,0.9999999755051032
33,57,0.9999999730741767
33,61,0.9999999730741767
33,69,0.9999999755051032
33,84,1.9999999510102064
33,96,1.9999999461483533
34,7,0.6008595800430417
34,14,0.7421677716468157
34,25,0.19675063412753396
34,26,0.75663923008646
34,28,0.42997031697030863
34,32,1.9999996653360452
34,33,1.5227743583445543
34,36,0.4807406822300474
34,44,0.9999999351925972
34,46,1.9999999842179346
34,51,0.12499999890625002
34,54,0.9999999541742451
34,57,0.15661302388404977
34,61,0.9999997985056238
34,65,0.999999930000005
34,67,1.9999998326680088
34,70,1.3033370135108917
34,72,1.999999836904949
34,80,0.18274399204344297
34,83,0.6187105799166005
34,86,1.7978767699368947
34,90,0.9999999083484945
34,96,1.9999995970112476
34,100,0.9999999620367014
35,1,0.9999999926918329
35,2,0.33688829398436293
35,3,0.562871301852837
35,8,1.5408869960913238
35,11,0.5075774683812961
35,14,1.2414851870909442
35,20,0.5669696879981019
35,21,0.20806081034379142
35,23,0.5467001396781516
35,26,0.21043611645978388
35,33,1.3042872534504788
35,34,0.19251962435696462
35,35,1.9999998123833873
35,36,1.046628944878216
35,37,0.9999998614359547
35,38,1.5994652913060827
35,41,1.5602979268370694
35,43,0.18957163900384194
35,44,1.9999999237212516
35,61,0.9999999694012758
35,63,1.9999998585786538
35,65,1.9999997115559398
35,67,1.1110912759363696
35,68,0.99999990202042
35,70,0.22292752530791826
35,72,1.9999997534234704
35,73,0.9999999906731104
35,77,0.5342815094661222
35,78,0.6091880775115056
35,81,0.6096908542414747
35,84,0.8986046617665988
35,87,0.1786190106334118
35,91,0.999999991504086
35,92,1.3238909526199598
35,96,1.0877503792275776
36,1,1.9999994530083762
36,2,1.9999998250714586
36,5,1.9999998909128849
36,7,1.2470283615686377
36,9,1.6200634496603488
36,11,1.9999998815728142
36,17,0.5901915609831593
36,18,1.999999844034492
36,20,1.9999998815728142
36,21,0.5901915609831593
36,23,0.16627133888603995
36,25,0.6277186178331997
36,26,1.3350703203804677
36,28,0.4386822049049097
36,31,1.9999998647246613
36,34,0.9238025337758445
36,35,1.9999994530083762
36,36,0.6666666349269863
36,38,0.5857864111579322
36,44,1.4807406434982486
36,50,0.9999998571714519
36,53,0.9999998909128908
36,54,1.316430927141254
36,56,1.999999923239299
36,61,0.24032059389431631
36,65,0.9999999101390044
36,67,0.37979588449699353
36,77,0.9999999125357293
36,80,0.8136918213130518
36,84,1.9999994530083762
36,85,1.5067579243087048
36,86,0.21467144484314565
36,88,0.11844165457497104
36,90,0.9999999416904845
36,93,0.9589472956307131
36,100,0.9999999285857208
37,1,1.850505155518181
37,2,0.21213137264098544
37,3,0.35630107230865243
37,6,0.40855743867986016
37,7,0.5650454460752959
37,8,1.9999995804765487
37,9,0.42648293598731535
37,10,1.5493366277676872
37,14,0.9999999527000007
37,15,0.7216312277076417
37,17,0.8663233688572259
37,18,1.4165629579452588
37,20,0.11001113157554442
37,21,0.8663233688572259
37,22,1.578595166406781
37,23,0.9163171042539441
37,24,0.2861773094642474
37,30,0.5113048300563731
37,31,1.8412181023883327
37,33,0.22323404428817112
37,34,1.424359713033238
37,35,1.7960493073223327
37,36,0.6838329340836984
37,37,0.9999999631595242
37,38,0.5890990804027649
37,51,0.044632346338627296
37,54,1.9999998245007278
37,56,1.9999998245007278
37,61,0.7142014302932701
37,64,0.32230717935918707
37,65,0.42702147874033675
37,72,0.5797958460208802
37,73,0.27839919336066316
37,78,1.7227594861054185
37,79,0.8729833146124244
37,84,1.9280748148401061
37,85,0.7121716667967164
37,86,0.8150813755134804
37,87,0.4479907061022267
37,88,0.12939261700902605
37,89,0.9999999005012662
37,91,0.2214636320261349
38,1,0.9999999507622556
38,3,1.9999998735089017
38,8,1.7726499702617668
38,10,0.18949545139475205
38,11,1.0748774685665703
38,14,1.5536405556239663
38,20,1.4248076113870536
38,24,0.3603277772298939
38,25,0.9999998980196202
38,29,0.00011329625653599005
38,31,1.660285679597563
38,34,0.31921112447051614
38,36,0.5244535647848896
38,38,0.999999850333727
38,40,0.35157786938819935
38,41,1.9999999827305415
38,42,1.3757592906225067
38,44,1.9999999110831335
38,46,1.3709602441318463
38,47,0.1999999936000002
38,56,0.6697951643652263
38,59,0.5875956695700123
38,60,0.9999998735089096
38,61,0.999999850333727
38,64,0.5344500721127825
38,67,1.3938922098738946
38,69,1.7135809425040003
38,70,1.9159469298346252
38,72,1.9999999083484903
38,73,0.9999998868629278
38,78,1.9999998256440576
38,84,0.1839907043920081
38,87,1.200947188333039
38,89,0.9999998557779699
38,91,0.9999999328959329
38,93,1.9999997702175207
38,100,0.9999999128220288
39,8,0.5855041930339795
39,10,0.9999999666190827
39,14,1.804627879756939
39,16,0.4732994702055931
39,18,1.071396572626635
39,20,0.44269217521094184
39,25,1.0883779724336047
39,26,0.7533939218775101
39,29,2.9999996495003978
39,32,0.3592455045191068
39,33,1.4899959114977974
39,36,0.6666666490283251
39,37,0.1300709625543475
39,43,1.0847430522348573
39,44,0.999999960313732
39,45,0.999999991791288
39,50,0.4452266052226789
39,53,1.2469729543311063
39,54,1.9999997575129165
39,56,0.9478296670569913
39,57,1.0388682380633094
39,67,0.3273478670097716
39,71,1.9999998854356142
39,76,0.6407544580501917
39,78,0.9999998787564582
39,79,0.40715152472784283
39,80,1.999999736751103
39,90,1.3169209361530088
39,93,1.0706092590256955
39,100,0.9999999706799386
40,1,0.35924550252442694
40,2,1.0938384689522225
40,8,1.504731985623153
40,14,1.594747677372817
40,15,1.723651087805385
40,17,1.0805185407382218
40,22,1.4473022497629444
40,24,0.5760434410154895
40,25,1.1188247026267064
40,26,0.5458365151371735
40,29,2.666666565317744
40,33,1.88011462769243
40,36,1.5994653055052868
40,38,1.9999999117226097
40,39,2.8440995852752133e-16
40,40,0.9999999595344714
40,46,0.7987733170716212
40,51,0.09737386274197779
40,59,0.4720661913646355
40,61,0.7062021357814577
40,63,0.989794828280287
40,64,1.2449183503991308
40,67,1.9999999852321912
40,73,0.9999999367544509
40,75,0.9999998989613808
40,76,1.9999998859824641
40,77,0.09535767307561412
40,80,0.9999998658359395
40,81,0.16126750628466924
40,83,0.9999999163340044
40,84,0.16223289974255015
40,85,0.5808089084200417
40,86,0.7349561970780815
40,88,0.274923343911789
40,90,0.9999998904555005
40,91,0.11078313925470751
40,92,1.999999987630017
40,100,0.9999998904555005
41,1,0.999999965358985
41,4,1.9999998680909492
41,6,0.40050100938572436
41,13,0.9999998592875471
41,15,0.12658028412364644
41,21,0.5069358473261882
41,28,1.9999998800000072
41,30,1.9999999452277457
41,32,1.38561568367558
41,33,0.999999970000001
41,36,1.1169631026919373
41,39,1.9999997185750942
41,40,0.6873519006841199
41,43,1.9999999146634742
41,49,0.43654189575761726
41,53,1.1316451081356451
41,54,1.9999997407704058
41,56,1.9999997407704058
41,57,0.10368535753871985
41,61,0.9999999340454746
41,71,1.9999998775255203
41,78,0.9999998703852029
41,80,0.16291704474813004
41,82,1.7320507695304026
41,90,1.2287684156050642
41,95,0.9999998703852029
41,96,0.37663523080223527
42,3,1.9999998261546177
42,7,2.9999996970148826
42,8,0.46882474707718336
42,11,0.9999999752232194
42,12,0.7309994564619602
42,14,0.9999999810731742
42,35,0.9999999348079802
42,36,0.999999984914431
42,39,1.9999999370185233
42,41,1.9999998261546177
42,44,1.9999998261546177
42,47,1.9999999873946093
42,61,0.9999999685092616
42,62,1.9999999381534175
42,64,1.9999999854623123
42,65,0.99999996143188
42,67,1.9999998156091279
42,77,0.712701011074546
42,80,0.9999999771911126
42,85,0.47646673728465494
42,86,1.276348812665651
42,89,0.9999999752232194
42,91,0.1477064247348561
42,92,0.09109769540268138
43,1,0.42481153543865846
43,2,0.4593369654859114
43,5,0.9999998775255279
43,7,0.6969740487255742
43,9,0.9999999776393207
43,12,0.5602366510758718
43,14,0.999999975279339
43,15,0.15185055595009925
43,18,0.2011325398428866
43,23,0.9999998951191262
43,24,0.13393943505003283
43,25,0.6277186541447146
43,26,0.3429325667745222
43,28,0.15442203589317766
43,31,0.7455996447772281
43,34,0.6290397046419544
43,35,0.9999999919796645
43,36,1.3499711006989314
43,37,0.9999998904555005
43,38,1.9999999209430617
43,39,0.3656750613488598
43,40,0.999999975279339
43,42,0.8550427309361963
43,43,0.4206363696836237
43,50,0.9999999452277473
43,55,0.6722938629841155
43,56,0.4744230366175826
43,61,0.9999999275431215
43,63,0.8185396907099382
43,64,0.27909631427756776
43,65,1.4608729129890963
43,66,0.8304791373793999
43,67,1.2916717668001814
43,77,0.6576160232456514
43,80,0.4427077376764371
43,84,1.1483561588031208
43,85,1.4123508140157917
43,88,0.4701143787818477
43,89,0.753368431105236
43,90,0.9999999776393207
43,91,0.05643473093601523
43,92,0.09109769305836916
44,2,0.7681767347406564
44,5,1.999999920627464
44,10,0.8273863425137987
44,25,1.9999998233647984
44,26,0.11978243721639988
44,28,1.9999999151471899
44,29,1.7961835660691612
44,30,0.9999999541742451
44,31,0.13416687754332904
44,33,1.9999998233647984
44,37,0.46410160526733085
44,62,1.277926288399094
44,67,0.11978243721639988
44,76,1.9999998233647984
44,77,0.9999999265153131
44,78,1.9999999083484903
44,80,0.9999999740192386
44,82,0.4165738591974383
44,85,1.9999998530306262
44,89,0.9999999755051032
44,90,2.9999997857571628
44,99,0.9999999116823992
44,100,1.9999998571714417
45,1,1.9999998341687744
45,7,0.9999999711324875
45,9,0.07825406086175368
45,14,0.9999999688195228
45,16,0.7576899270689245
45,17,0.3797958908672828
45,18,1.2117953357496598
45,21,0.9999999566987318
45,24,0.4045372457568503
45,27,1.511369423538864
45,28,0.5221339034372323
45,31,1.9999998341687744
45,35,0.6964176454948421
45,36,0.38083301646048495
45,50,0.9999999734834965
45,51,1.6575860540503335
45,52,0.9999999500000025
45,58,1.911565169614798
45,59,1.9999998860143702
45,61,0.9999999566987318
45,65,0.9999999688195228
45,78,2.99999969076711
45,79,1.7261512115982485
45,80,0.5452575400152951
45,82,1.9999998267949344
45,84,1.9999998341687744
45,86,0.7352718534574548
45,88,0.27964610929417366
45,98,1.999999745049057
46,1,0.15709539112748036
46,2,1.999999630135228
46,3,0.253420401057663
46,7,2.4356639997439413
46,8,1.892209131798119
46,11,0.5108746880582856
46,13,0.9999999245016614
46,14,0.9999998369049623
46,26,0.3393676016788836
46,28,0.14644660778754273
46,33,0.31624882122863424
46,35,0.5635083029224249
46,36,0.9999998369049623
46,37,0.9999999245016614
46,40,1.3350854187824677
46,41,1.999999862159522
46,44,1.999999862159522
46,46,1.999999836904949
46,54,0.5519815130870577
46,61,0.9999999075337985
46,64,0.45116035478795
46,65,0.9999998369049623
46,67,0.9999999260270375
46,69,0.751593269065912
46,72,1.9212511126335847
46,76,0.9999999277158438
46,77,0.999999815067614
46,80,0.17198600337637612
46,83,0.9999999184524745
46,84,0.9999999050000091
46,86,1.3321142961396681
46,90,2.9999994608340743
46,91,0.01732873720701394
46,96,1.9999998100000183
46,100,1.9999996405560494
47,1,1.5678958608505094
47,2,1.1197824284142244
47,18,0.46806866191895136
47,20,0.9999998703852029
47,23,0.9999998851087604
47,25,0.6567672271175706
47,26,0.6726467940306482
47,29,1.696155073542528
47,33,1.2479687151083743
47,35,0.3852071092181549
47,38,0.9999999151471936
47,61,0.5458365215081611
47,67,1.5872926864213406
47,69,0.4641015968612816
47,76,1.9999998233647984
47,77,0.4127072529233285
47,84,0.9422050862827244
47,85,1.9999998530306262
47,90,0.9999998302944013
47,92,1.6207677970356968
47,100,0.9999998302944013
48,5,0.9999999329179652
48,8,0.9731434868785254
48,9,0.502532836841283
48,11,0.5334827953968656
48,12,0.2855873930288444
48,14,1.2504105074440983
48,16,0.9999998530306371
48,25,1.9999999863215847
48,26,0.4233625304950675
48,29,0.336257078047552
48,30,1.3743134223065703
48,31,0.9249244010760111
48,33,1.0680611793957742
48,34,0.9714879919510497
48,36,1.9999999883726278
48,38,1.9999999566987308
48,45,0.3799208037195527
48,50,0.9999999911266254
48,51,0.9999999351925972
48,63,1.3261211328093088
48,65,1.164876861535101
48,66,0.9999999510102076
48,67,1.2356286265090466
48,73,0.2833003804785967
48,76,1.9999999116823952
48,79,0.20597360676300994
48,85,0.7690268979397099
48,86,0.6878796500552175
48,87,0.9999999285857208
48,88,0.31010079811714075
48,89,0.4644554055534178
48,90,0.9999999772637576
48,93,0.999999920627467
48,100,0.9999999575735949
49,3,1.9999997171573276
49,5,0.18876340868970098
49,7,0.74999995642894
49,10,0.9999999486190724
49,11,0.3156020528048627
49,13,0.69828352514703
49,15,1.9999999315571861
49,16,0.999999919377429
49,17,0.9999997676210531
49,22,0.567928704901872
49,27,0.9999999285079698
49,28,1.8749406334725525
49,31,0.6473227915266397
49,32,1.7903699029472528
49,35,0.6961404568767404
49,37,0.6398749121076471
49,39,1.2757126219227586
49,43,1.0946407984420927
49,44,1.9999997171573276
49,46,1.9999996653360452
49,51,0.10602169799370799
49,61,0.9999997676210531
49,62,0.4886061475717901
49,71,0.99999990000001
49,72,0.99999990000001
49,76,0.05658627600483363
49,80,0.9999999929489652
49,82,2.999999835683242
49,83,0.9999999905639142
49,86,0.748133345469788
49,90,0.7784782322757051
50,3,1.9999996205267527
50,8,0.860571649601717
50,11,1.234967464378438
50,14,0.9999999438751423
50,17,0.9999998441154517
50,20,0.025015542267862522
50,28,1.999999910557285
50,32,0.6879911691487517
50,35,0.6306019218555706
50,36,0.9999999780472728
50,39,1.0912560802949478
50,41,1.9999996205267527
50,44,1.9999996205267527
50,47,1.9999999630722916
50,51,0.5300807203461544
50,55,0.33259288599475134
50,61,0.9999999722942073
50,62,1.722073689938695
50,64,1.605829552254764
50,65,0.9999999438751423
50,67,0.28471206285337036
50,71,0.9999999329179652
50,76,0.31009101476893447
50,80,0.9999999927149704
50,83,0.3674679214043438
50,85,0.7199033671028333
50,86,0.5444665615818787
50,89,0.9999999639444885
50,92,0.5236103436453969
50,93,0.8267490854724496
51,1,0.35936865978965515
51,7,2.7938673864959123
51,8,1.9999999496677716
51,12,0.10398421626098493
51,13,0.48350858613173037
51,14,0.9999999536713392
51,17,1.221636818031281
51,18,0.8692298511047414
51,20,2.999999367860908
51,23,0.9999998851087604
51,28,0.14042339708639018
51,31,0.21103224509672266
51,33,1.3538892936384832
51,35,0.4389005865630026
51,36,0.9999999351925972
51,37,0.3592455081998616
51,40,1.101289730824346
51,51,0.7102218296432715
51,54,0.9999999811438194
51,55,0.9999999600000016
51,58,0.19899910728664402
51,59,1.9999998233647984
51,61,1.221636818031281
51,64,0.999999920627467
51,65,0.9560097626034061
51,72,1.9999999617845012
51,79,1.9999998267949344
51,80,0.07496203189025007
51,82,1.2155910083495276
51,84,1.1483561522026753
51,86,1.4901418039785619
51,88,0.9219033607334766
52,1,1.9999995439299338
52,5,0.35728209556899154
52,7,0.9999999705607981
52,12,0.4325798294091439
52,13,1.1585521405974675
52,14,0.9999999624100276
52,20,0.277926280916443
52,21,0.8120474916955481
52,24,0.778566433313373
52,25,1.9999999488356786
52,28,0.8941770377483841
52,29,2.1646054744412266
52,33,1.0264125497073717
52,36,0.7728139917532493
52,37,0.41230425173086704
52,38,1.051638712418238
52,40,0.27573023397878876
52,44,1.9999996184243922
52,47,1.9999998161522539
52,49,0.7904519885694173
52,58,0.6976606777120351
52,59,1.6698621909922642
52,61,0.5471906764701383
52,65,0.6626136178343895
52,67,0.047168450932413925
52,69,0.5123794938655812
52,70,0.15960391033260327
52,71,0.7387960882187078
52,72,0.6770441835582646
52,73,0.6048884612623178
52,75,0.9999999669120462
52,76,1.6495400562227363
52,78,2.9999997897620543
52,79,1.999999745049057
52,80,0.24268408070607092
52,86,0.3560309633752785
52,87,1.4852812183101647
52,88,0.6241911849718674
52,90,0.9999999375500239
52,94,0.9999999900000002
52,98,1.9999999800000003
52,100,0.9999999705965956
53,1,0.9999998980196202
53,2,1.9999996940588762
53,8,1.565384971389008
53,11,0.999999880417407
53,12,0.8387627800524242
53,14,1.0886563814430703
53,18,0.45941168532613785
53,24,0.5405882649808905
53,25,0.9999999080761269
53,26,0.5458364978263331
53,29,1.9999998161522539
53,36,0.9999998650926426
53,38,0.9999999325463168
53,39,1.9999999173864453
53,44,1.9999998650926336
53,47,1.8206501099434587
53,55,0.5022612207646213
53,57,0.5941190576192396
53,59,0.5758066993188026
53,60,0.5729489794465558
53,61,0.6170183238914645
53,64,0.4139208918430749
53,65,1.423231891619537
53,67,1.2246737585900105
53,73,0.9999998980196202
53,76,0.999999880417407
53,77,0.9999999906136078
53,78,0.6300741823459776
53,80,0.16692217435588733
53,81,1.9999996323045413
53,86,0.06274606230820515
53,87,0.2659388911071999
53,91,0.1389982438411748
53,94,0.9999999080761269
54,6,2.999999317211755
54,11,0.5075774782497268
54,14,0.9999999408392057
54,16,0.26472811856059747
54,17,0.8217868495828454
54,20,1.2969612913783328
54,31,1.6602857291119733
54,34,0.9999999228637629
54,36,0.33971421847946986
54,41,1.9999998503337157
54,42,1.8033694913949965
54,50,0.05926098695799699
54,55,0.9999999470849766
54,59,0.40922378817019234
54,60,0.9999999408392057
54,61,1.9999995448078365
54,64,0.9999999428452426
54,65,1.9999995448078365
54,69,1.22934138115754
54,70,1.5214680159067073
54,72,1.9999998856904853
54,78,2.9999995371826134
54,79,0.9999998412549466
54,85,1.9999998941699533
54,87,1.8810485451680932
54,89,1.4892063553448565
54,91,0.9999999228637629
54,100,0.7362147284029483
55,1,0.999999970046333
55,5,0.4575130863983361
55,8,0.9999999316260331
55,10,1.999999912730307
55,11,0.36955404642980366
55,12,0.049166432792063244
55,14,0.9999998066092413
55,20,1.9999997631456425
55,24,0.6282392356023203
55,29,1.9999998598413695
55,31,0.8159066060863985
55,37,0.6007121989110379
55,38,1.9999999033046068
55,42,1.9999996914550753
55,46,1.9999998350757886
55,49,0.342772725781274
55,50,0.46862692818061286
55,55,0.9999999316260331
55,56,1.2404081146666837
55,58,1.0277095093934774
55,59,1.9999999851800316
55,65,1.9999999399320132
55,69,0.9999998457275376
55,75,0.6929033702990572
55,76,0.07871017680553528
55,78,2.599950197046179
55,79,0.911948720111041
55,80,0.8953645073906917
55,81,0.4995754277605231
55,84,0.999999970046333
55,87,1.9999996914550753
55,94,0.9999999299206848
55,96,1.999999940092666
56,1,0.9999999336675086
56,6,0.9662371080340686
56,13,0.9999999101853843
56,15,1.9999998203707685
56,24,0.9999999402086999
56,29,1.0518632323523256
56,31,0.10058375955225676
56,33,1.9999995804765487
56,36,1.061636753399212
56,38,1.9112816510550261
56,39,1.9999998203707685
56,44,1.9999998245007278
56,49,1.58424448543158
56,58,0.6500659455000227
56,59,1.9999999854448438
56,61,0.9999999122503639
56,63,1.999999882739613
56,67,1.999999908355131
56,69,0.9999998851087604
56,75,0.9999999904663083
56,78,2.99999985495691
56,82,0.9999999336675086
56,84,1.2922211683461977
56,88,0.1376765958497189
56,94,0.6003413240933425
56,98,1.9999998804173997
58,1,1.298934988051985
58,3,0.6123285123646913
58,4,1.9999995970112476
58,5,0.5778555780212015
58,6,0.5048008057704935
58,7,0.7724179837537227
58,8,1.999999842237885
58,9,1.13628986574889
58,11,0.2649467871231081
58,12,0.35490624781941166
58,14,0.7491943730329901
58,17,0.26570521803784775
58,18,0.36241823079028734
58,20,2.999999658605839
58,21,0.12213222029075503
58,22,1.9999996411128955
58,23,0.1935941505501181
58,26,0.5916326191490113
58,28,0.12349246496410814
58,31,0.731431463234812
58,34,0.016574615190849608
58,36,1.0136245185842327
58,38,1.2152660917364595
58,41,1.9999998966880561
58,44,1.8795517908709218
58,47,0.11347644759565491
58,49,0.5728033967099085
58,54,0.30333702717319283
58,57,0.4597406272251116
58,59,1.9999998797895078
58,61,0.8990292846560494
58,63,1.1901829805388005
58,65,1.9999998962135856
58,67,1.0144303929767022
58,69,0.4296699620868179
58,72,0.6770441710371293
58,73,0.9999998941699588
58,75,0.5301087600107212
58,77,0.9999999325463168
58,78,1.999999809212178
58,81,0.8941768600034837
58,84,1.999999789131035
58,86,0.9140027836382987
58,87,0.7710894734237048
58,91,0.6374270658823421
58,96,0.4867214417554272
58,98,0.07036751218600358
58,100,0.6371476734627491
59,1,0.9999999622876398
59,3,0.6060204589555737
59,8,1.0182031138012255
59,9,0.10396304751960601
59,12,0.716191739393068
59,13,1.3222663862193165
59,14,1.205751929315437
59,15,0.3347315460294379
59,18,0.30099650194313804
59,20,0.5669697059806881
59,21,0.7527116744633247
59,25,1.2353741354575205
59,32,1.9999997702175207
59,35,0.187187961167849
59,36,1.9999999549891772
59,37,0.9999999346802778
59,38,1.8178502184940937
59,40,0.8378346099347748
59,41,0.04232919601383618
59,43,1.0672412448076545
59,44,1.9999998921255613
59,47,0.6052557332167555
59,50,0.2862965279116885
59,56,0.47442303758364046
59,57,0.9999998922967155
59,61,0.9999999533184648
59,63,0.8185396927853316
59,65,1.999999898019615
59,66,0.5240408153990844
59,67,1.1916730695178324
59,71,1.1989306463386213
59,73,0.42113789598959256
59,77,0.8322538447774538
59,80,0.509503573538121
59,88,0.3021694771433315
59,90,0.859016489795828
59,91,0.26139944774917717
59,92,0.7594744967081547
59,93,0.3123112978066283
59,96,0.7829126853653472
60,1,0.999999969177931
60,4,1.9999999238422719
60,6,1.6136698299558005
60,9,0.5291686905566946
60,17,0.6136698563507391
60,20,2.999999741930264
60,21,1.9999999238422719
60,39,1.9999998703851944
60,42,1.1254352326056858
60,47,1.9999998703851944
60,55,1.2915215576435088
60,57,0.9999999619211359
60,61,1.218033584982566
60,65,1.9999998279535096
60,75,0.999999969177931
60,78,1.999999938355862
60,84,0.999999969177931
60,85,0.4786839898335974
60,88,1.999999938355862
60,89,1.999999946666668
60,96,1.3699023867465814
61,11,0.9999999490098075
61,15,0.485281364247236
61,35,0.9999999575735949
61,36,0.9999999490098075
61,42,1.9999999200000032
61,55,0.9999999600000016
61,62,0.9999999755051032
61,85,1.9999999200000032
61,89,1.1682705848820212
62,1,1.6303969278542851
62,5,1.6282953696597484
62,6,1.0967197605352677
62,11,0.058042215690599835
62,14,0.9999999739231911
62,18,0.13154871926091916
62,20,0.9403887396127247
62,29,0.27008406879151153
62,30,0.2921930283351988
62,31,1.4025558650440406
62,34,1.2003407603955925
62,35,0.509918716234211
62,36,0.9352398274628605
62,37,0.14111535316814838
62,38,1.4280260218928538
62,41,0.19433506865975123
62,42,0.5579231286191142
62,44,1.9999998457275259
62,50,0.5192592823366912
62,52,0.5895737883643786
62,55,0.9999999611269889
62,60,0.9999999739231911
62,61,1.380852688551502
62,64,1.9999996806256628
62,65,1.1519311973700757
62,67,0.9606804353745272
62,69,1.347033803844552
62,70,0.8294066243885321
62,73,0.40640599839773267
62,78,1.9999995636516106
62,85,1.0155699043172322
62,87,1.1418386349512752
62,89,1.7927144669446955
62,91,0.9999999912920183
62,100,0.25667034022145396
63,7,2.1715728212841148
63,10,0.9999999502506306
63,13,0.9999999728020108
63,14,0.9999999351925972
63,15,1.9999999005012612
63,28,0.4142135520787228
63,32,1.9999999005012612
63,35,0.9999999400000036
63,36,0.9999999351925972
63,37,0.9999999400000036
63,39,1.9999999005012612
63,43,0.6889584537257417
63,46,1.9999999351925952
63,51,0.3333333261325105
63,53,1.9999998267949344
63,54,0.9999999575735949
63,55,0.9999999400000036
63,65,0.9999999351925972
63,71,1.9999998267949344
63,80,0.5467001528465348
63,83,0.1831427677369787
63,86,1.3524611724602091
64,6,1.5503254385787393
64,11,0.8973047933652586
64,12,0.9999999591099051
64,13,0.3277665033411324
64,14,0.9999999743361568
64,17,1.9999997348585636
64,20,2.4857024447738136
64,24,0.791166393643074
64,25,1.9999999145833778
64,26,0.9999998490033342
64,29,0.5333870951723181
64,31,0.31273232372818566
64,33,1.3159493878495392
64,34,0.9999999101390044
64,38,0.11599791608237002
64,41,0.3923048295408296
64,42,1.0485008748141835
64,44,0.9999998490033342
64,46,0.1293834297453083
64,56,0.4923849826688137
64,59,1.9999998888694523
64,61,1.410893386362439
64,64,0.9999999001250882
64,65,1.9999997348585636
64,69,1.7916930734887628
64,70,1.186605487211587
64,72,0.8989794452086941
64,84,0.47580013782834946
64,87,0.2679380086121742
64,88,0.610732713254926
64,90,1.6443166622291545
64,91,0.9999999101390044
64,92,1.999999815067597
64,93,0.5992219404796713
64,94,0.610732713254926
64,98,0.8464639848168557
64,100,0.9149590327150614
65,1,0.9999999510102076
65,7,0.9999999600000016
65,13,0.7132590461051018
65,16,0.9999999510102076
65,20,1.9999998010025324
65,25,1.9999996467296277
65,28,1.5409709094779218
65,29,0.8363304933269425
65,33,1.9999996467296277
65,35,0.9999999600000016
65,37,0.10102051220913072
65,49,0.9999999510102076
65,51,1.9999998267949344
65,55,0.9999999600000016
65,56,0.9190165303736322
65,58,1.9999998267949344
65,74,0.5220177716440995
65,76,1.9999996467296277
65,79,1.3613020529188806
65,80,0.1488389475935687
65,82,2.06038601544907
65,93,1.9999998010025324
65,99,0.9999998233648139
66,8,1.999999898019615
66,10,0.9999999490098075
66,11,1.4104852953371123
66,12,0.46781590063263145
66,14,1.4255711666550681
66,20,1.9999998851087537
66,25,0.42323199322794086
66,41,1.9999999200000032
66,46,1.833993574283447
66,56,1.2404081615801792
66,58,0.9999999175378943
66,59,1.9999998350757886
66,67,1.999999898019615
66,69,1.9999998256440576
66,70,1.9159469298346252
66,78,1.5965521664470412
66,80,0.29653516288294074
66,83,0.9999999625834276
66,86,1.9999999251668552
66,87,0.9999999754970361
66,93,1.9999998851087537
66,100,0.9999999128220288
67,3,1.9999997977900088
67,4,1.999999741736602
67,6,0.23268115650932167
67,7,2.171572800536151
67,8,0.6123285050509795
67,13,0.07722654282676823
67,15,1.4234405875662852
67,21,1.1630455897582008
67,22,1.8151311620172492
67,23,0.9999996818806267
67,24,0.4473022961627206
67,27,0.9999999900000002
67,28,1.2375671787432103
67,32,0.21163117087754285
67,35,1.0525978084852803
67,37,0.9999999513409263
67,38,0.9999999290042413
67,41,0.4186698030531966
67,42,1.9999997287068376
67,44,1.9999998706630928
67,51,0.14275314052222268
67,54,0.9999999412633028
67,58,1.9999997602084527
67,61,0.9999999249069638
67,69,0.31866516995470107
67,79,1.9999997602084527
67,82,0.21539029561383372
67,83,0.9999999285079698
67,84,1.9999998284151301
67,86,1.9999998825266057
67,89,1.9999997287068376
67,96,0.9527247080129116
68,1,0.28220336996430223
68,5,1.458039821426566
68,6,0.09348475033589279
68,7,2.3861839868950563
68,8,1.2798103965536778
68,11,0.9999999541742451
68,12,0.9999998925290853
68,14,0.9999998925290853
68,16,0.046347545290462325
68,17,0.09484746354378654
68,20,2.999999721252829
68,23,0.1310057989856223
68,24,0.2789666762733297
68,25,1.184116606023475
68,29,1.2876812914761202
68,31,1.2201553544052302
68,33,1.418799473334666
68,38,0.9999998285357474
68,40,1.76677570560498
68,41,1.4914374016442542
68,42,1.9999998856904853
68,44,1.9999996570714949
68,59,0.7999999626133731
68,61,0.9294550564629416
68,64,1.1012748412234592
68,65,1.41454754330285
68,69,1.779673611802366
68,70,1.6854800879158536
68,72,1.9248058384134217
68,79,0.31339214669980264
68,84,1.9999993920528185
68,86,0.5094413147023288
68,87,1.444994395313027
68,88,0.34669818139323505
68,91,0.36009476976792026
68,94,0.28929018356031055
68,99,0.561840801900427
68,100,0.48195141170369293
69,2,0.85410194436498
69,5,0.7067874646843177
69,6,0.5304352511479151
69,7,2.171572698989535
69,8,0.9999998123834047
69,9,0.5291686876797677
69,11,0.22855923473396775
69,15,0.0984629747258262
69,17,0.122115276558154
69,20,2.9999998279535043
69,22,1.1818802691278445
69,24,0.2882132349263811
69,26,0.43496450599621855
69,27,0.9999998643534188
69,28,0.6133680433919266
69,31,1.0895078297478882
69,34,1.557758299286131
69,35,0.99999997706154
69,36,0.4865165657114784
69,37,0.16820139716797727
69,39,1.9999998963081542
69,42,1.24618100268216
69,47,0.7390911380005831
69,52,0.9999998941699588
69,55,1.2232227139302705
69,61,1.474802278694038
69,65,1.3495718636938292
69,77,0.6381837720692062
69,85,1.7904183097363098
69,87,0.9939025126424579
69,88,1.2812626223893329
69,89,1.73107369699266
69,91,0.3427321152460294
69,96,0.28263653716736975
70,8,1.9999999193774258
70,10,0.9999999596887129
70,11,0.7608289873411781
70,12,0.9999998859824706
70,14,1.183282864260794
70,18,0.21560857436035477
70,20,1.596301740672873
70,25,0.9999999596887129
70,31,1.279917664043267
70,34,0.9999999739231911
70,36,0.7584205696898935
70,41,0.7962233475170817
70,42,0.4871664383363634
70,46,1.0429361161616109
70,47,0.7135783156221358
70,52,0.9999999683772244
70,56,1.9999999091704936
70,60,0.9999999920694351
70,65,0.9999998816784184
70,67,1.9999999193774258
70,69,0.7279484788140633
70,70,0.9557506534964859
70,71,0.9999999163340044
70,77,0.9999998859824706
70,86,0.9999998816784184
70,87,1.1088756115115583
70,91,0.6388213490964116
70,93,1.9999999091704936
71,1,0.5796961115526696
71,10,0.4377280764153941
71,13,0.043727537057171126
71,15,1.8878713628804926
71,20,0.08893315228824934
71,22,1.9999999830796167
71,23,0.999999924006585
71,25,0.30076926658162106
71,27,0.9999999450568506
71,28,1.35994835282119
71,31,0.051738381449222284
71,32,0.22781514813477455
71,33,1.6923214521360281
71,35,0.11490772401140567
71,41,1.9999997101725073
71,44,1.9999997101725073
71,49,0.6125740889584199
71,61,0.9999999513944472
71,65,1.9999999221111935
71,67,1.4318559026857698
71,78,0.39448187354119607
71,81,0.5987794454243357
71,82,0.9999999351925972
71,83,0.9999998975305029
71,84,0.8312523351149619
71,90,0.5397228104351678
71,92,1.9999999857236452
71,100,0.9999999438751423
72,9,0.6339745881770855
72,12,0.4417598153485552
72,13,0.999999975505103
72,14,0.9999999778891686
72,25,1.999999902020415
72,31,0.5416783194728948
72,35,0.3732156626801898
72,36,1.999999958929444
72,38,1.9999999292893245
72,40,0.6103944955360339
72,43,0.5213129598147609
72,50,0.9999999510102076
72,56,0.4744230372683328
72,63,0.8185396921079523
72,65,1.9999998557779595
72,66,1.2931785701631098
72,67,1.2971511678778376
72,85,0.372461208963799
72,88,0.43496451271357534
72,90,0.9999999800000003
73,1,1.9999998245007278
73,7,0.2148769093251808
73,9,0.508593252723691
73,10,1.9999997200000394
73,11,0.8923241402684142
73,14,0.9999999735424876
73,18,1.7466598669883697
73,20,1.5255769165969983
73,26,0.16242974109791714
73,30,1.7029495132576338
73,31,1.8035319085737693
73,33,0.9999999505025278
73,35,1.3761784661031096
73,36,0.9736659329673071
73,37,0.9999998600000197
73,45,0.3799207927438908
73,52,0.2164997304106206
73,53,0.84659658746571
73,54,1.8196661919012207
73,55,1.5721224209532298
73,56,1.916487234996117
73,57,0.9551844652153305
73,60,0.999999930000005
73,64,0.8117983070758965
73,65,1.999999460370643
73,67,0.1798334104861226
73,71,1.346041969233434
73,78,1.0978727140193316
73,80,0.5896838635594831
73,81,0.5758066698286468
73,84,1.9999998245007278
73,86,0.32203686005884913
73,87,1.9999998877502847
73,88,0.48912527114902454
73,89,0.5694991087950492
73,91,0.6414298052840849
73,93,0.6148440341032466
73,95,0.7449396952686824
74,8,1.999999760834814
74,9,0.9999999778891686
74,12,0.8138124982770861
74,13,0.6015883596884153
74,14,1.0695774332827468
74,18,0.16139047413128718
74,24,0.7205179583851847
74,25,1.6882734295610933
74,35,0.25963283024096157
74,36,0.25204864116522774
74,38,1.999999921826407
74,40,0.7038982696376616
74,43,0.5213129592739139
74,46,0.6071355243254728
74,50,0.9999999458397469
74,51,0.999999824500743
74,56,0.2696862298533897
74,59,1.9999996132184825
74,63,0.7184985223966636
74,65,1.7458830730809316
74,66,0.7101020402940897
74,67,1.2833888271613885
74,69,1.422380011182348
74,72,0.427877528430118
74,77,0.2570117681009088
74,85,0.3724612085616671
74,86,0.2358284480505367
74,88,0.38644157860018713
74,90,0.8642035016972359
74,100,0.9999999591099051
75,1,1.010092241512205
75,3,0.3736321912110138
75,4,1.2976652557957682
75,5,0.4575131004598889
75,6,0.535014596134237
75,7,0.8607626347709262
75,8,1.3440059502438297
75,9,0.23274927895972164
75,10,0.7573592925500812
75,14,0.7421677923553452
75,17,0.9783356424045744
75,18,1.0710891399820712
75,20,1.9892427211933605
75,21,0.9626701855243049
75,23,0.5447480768272835
75,28,0.3051842054454855
75,30,0.485837692732003
75,31,1.0796084123186105
75,32,1.9999995352421063
75,35,0.27088232881086816
75,36,0.9999999675962976
75,37,0.9999999541742451
75,38,0.9999999351925972
75,40,0.09581548170397786
75,41,1.9999993427331468
75,44,1.9999998917352833
75,51,0.7102218389150697
75,54,0.5721224426518948
75,56,0.4356654655421626
75,58,0.9379886959645553
75,59,1.9999999116823952
75,61,0.8607733072776323
75,62,1.9999996882309035
75,65,1.2908219202318374
75,75,0.37771353878473796
75,76,0.5741780571626376
75,78,1.9999999083484903
75,79,1.9999999133974635
75,80,0.41300831596046456
75,83,0.9999997676210531
75,84,1.9999999234058343
75,86,1.0670278646620865
75,88,0.011671345630082633
75,93,0.32543282226681297
75,96,0.19365997622973083
75,98,1.9999999116823952
76,2,1.999999896076957
76,26,0.16139047644297302
76,31,0.9999999675962976
76,39,1.999999775500582
76,42,1.1254352170404012
76,43,1.9999998775255203
76,47,1.999999775500582
76,53,1.9999998775255203
76,55,1.291521539781174
76,61,0.999999887750291
76,66,1.1932074110672166
76,67,0.9999999480384785
76,71,1.9999998775255203
76,77,0.9999999480384785
76,85,1.8211258754781317
76,89,1.9999999076239612
76,96,0.999999965358985
77,1,0.24930335617546523
77,2,1.6202040576681545
77,7,1.999999815067597
77,8,1.999999815067597
77,9,0.9999999400000036
77,15,1.9999999027888944
77,17,1.2781427448128755
77,20,1.7617054224224435
77,22,1.0484714431634399
77,25,1.9999999288573003
77,26,0.5136213158048375
77,29,2.9999998377502015
77,33,1.8807684497225712
77,39,0.3484692131230337
77,40,0.24480450211859014
77,47,1.999999805577798
77,55,1.999999805577798
77,61,0.85641828701969
77,67,1.520201761380444
77,69,0.1646225951040916
77,72,1.339056696933769
77,73,0.9999999400000036
77,76,1.9999998918334676
77,77,0.34514099313989144
77,80,0.9999999654440711
77,84,0.24399844643506327
77,85,0.7740531591611293
77,90,0.9999999619615257
77,91,0.3857638872083767
77,92,1.9999999877102683
77,99,0.1405891838065685
77,100,0.7250571723598128
78,6,0.2456945030507126
78,7,0.5907301270862148
78,9,0.28642164632397243
78,10,0.07501993696484878
78,12,0.40951962722945634
78,13,2.518116032861898
78,14,0.9999999458397469
78,15,0.9498743411415779
78,24,0.9999999116823992
78,25,1.999999830294387
78,28,0.6935576597002966
78,29,1.6577144181758154
78,31,0.5846198599505597
78,32,1.9999998673350172
78,33,0.5635082999519917
78,36,1.9999998267949344
78,37,0.9999999400000036
78,38,1.9999998267949344
78,39,1.9999998673350172
78,40,0.16457132489272225
78,43,1.0730956350237948
78,55,0.9999999400000036
78,56,0.47442302927694324
78,59,1.9999998233647984
78,63,0.8185396749399552
78,65,0.9799919087747547
78,67,1.297151148124604
78,69,1.9999998490033228
78,70,0.4011241778008355
78,80,0.474937170570789
78,82,2.9999994908832037
78,88,0.563847618640532
78,90,0.6810962349145948
78,94,0.4289198091492862
78,98,1.9999998233647984
78,100,0.9999999600486409
79,1,1.567895924083661
79,2,0.12379437179527572
79,5,1.6282953559655333
79,6,1.1112869863234218
79,8,0.30136915806598297
79,9,0.12461700374858317
79,10,1.9033239759259741
79,14,1.9999997301852852
79,17,0.02824402030666536
79,18,0.5108295541112117
79,20,1.2584081683371173
79,21,0.8689941611920626
79,23,0.99999995612518
79,29,0.8849304730150686
79,30,0.7154322434942422
79,31,1.331185267584418
79,33,0.9217458772311202
79,34,1.6541957627243546
79,35,1.5996888886252971
79,36,0.5403911117996263
79,37,0.864735016930432
79,53,0.9999998600000197
79,54,0.4932120941648618
79,55,0.9999998166970058
79,56,0.47221265725357586
79,59,0.49800800299527587
79,61,0.9661815291634166
79,65,0.9844488747873236
79,67,0.2535548159385231
79,69,0.9999998390652565
79,75,0.10218558763818592
79,76,1.9999997301852852
79,77,0.999999887750291
79,78,2.1633930951034652
79,81,0.6424273839100525
79,84,1.567895924083661
79,85,1.5067579053834927
79,87,1.0923057466808006
79,88,0.1866233864980409
79,91,0.20904664272830764
79,99,0.9999998650926426
80,14,0.9999999292893269
80,54,0.9999999408392057
80,60,0.9999999923690465
80,71,0.9999999408392057
80,87,0.9999999292893269
81,1,0.999999968616972
81,2,1.1100110692339415
81,3,0.4925226731275423
81,8,1.9048033780214815
81,10,0.6823471365387628
81,11,0.9999999537723083
81,14,1.7252612044781728
81,16,0.5405882649808905
81,18,0.4102148108111662
81,25,1.0801441738054254
81,26,0.26464075656153163
81,30,0.43050084904054264
81,33,0.30754645491149124
81,36,1.6877556646996184
81,37,0.9999998650926426
81,38,1.9999998300326973
81,41,1.9999999099475585
81,43,0.042323466975872054
81,44,1.999999838754858
81,45,0.5913730927374921
81,46,1.999999898019615
81,50,0.0200080055051999
81,57,0.31488789806618417
81,60,0.39945779330370096
81,65,1.4232319240551274
81,67,1.8570089775571557
81,68,0.19092545672273226
81,70,0.6851709016507721
81,73,0.9999999278889797
81,75,0.9999999116823992
81,76,0.3637656667016085
81,77,0.5342815110179879
81,78,1.5088379926197726
81,80,0.5526684095143177
81,81,0.609690856884806
81,86,0.06274606362564548
81,87,0.7608650015986224
81,90,0.9312926627506705
81,91,0.13899824620561513
81,92,1.9999998859824641
81,93,0.26139986128629417
81,96,0.2322233428020066
81,100,0.9999998751000557
82,1,0.9999999307179726
82,2,0.449489725639429
82,7,1.7721903552405758
82,12,0.515973703040248
82,14,0.9999998851087604
82,16,0.25090742410624417
82,25,1.999999917851487
82,29,0.5633009837679721
82,30,0.19858741261094134
82,33,1.2727401032126873
82,36,1.293435112573514
82,38,0.018642643872688755
82,40,1.1374773710609551
82,49,0.3797958871196901
82,53,0.14337117369950686
82,57,0.12983521046573906
82,61,0.6531674166572411
82,64,0.9999999438751423
82,67,0.16575128231727176
82,69,0.7587706960853261
82,72,1.9999998877502847
82,76,1.9999998751000478
82,79,0.9999998960769624
82,82,0.9999999307179726
82,84,0.39228094300174254
82,90,2.0859970636823806
82,92,1.5492606241299107
82,100,1.542998504421107
83,2,1.9999997060612742
83,8,1.999999780911001
83,9,1.345804079238829
83,16,0.5503738632188846
83,18,0.999999960313732
83,25,1.0385440181564045
83,26,1.1159105581068338
83,33,0.5779355310908098
83,38,0.04850091799115785
83,41,1.999999780911001
83,43,0.39724735084018675
83,44,1.1971678831608343
83,50,0.9999999632576553
83,51,0.45553340570654277
83,53,0.695076581336393
83,61,0.524250442007923
83,69,0.6421830709399006
83,71,1.1989306870889833
83,75,0.9999999622508293
83,77,0.9999998530306371
83,79,0.9999999632576553
83,80,0.17636767958057906
83,86,0.14785990823973322
83,88,1.9999999245016586
83,90,1.8840020198414709
83,93,0.6427896164666915
83,100,1.1063392293071352
84,1,0.9999999576377012
84,2,0.41863244574587627
84,3,0.14977137986252703
84,4,1.9999999800000003
84,6,1.3860026222613495
84,8,0.9261413973780999
84,10,0.13144603020143023
84,13,0.4549954307698
84,14,0.04728257159795018
84,15,1.9999996906458821
84,16,0.8058627634864317
84,17,0.32741349344372384
84,20,2.9999998034599407
84,21,1.6046119113205335
84,22,1.999999741736602
84,27,0.454760843759012
84,33,1.999999543053718
84,38,0.646309004632001
84,41,1.0974158602718196
84,42,0.4494896929236493
84,44,1.9999999114241747
84,53,0.9999999340454746
84,57,0.9832902146263678
84,61,1.1211575890659187
84,65,1.2762907129323198
84,69,0.6535076070996765
84,73,0.9999998476845612
84,78,1.1825580409098067
84,80,0.570750950171057
84,82,0.3273742203160469
84,83,0.9999997985056238
84,84,1.4231326362259493
84,86,1.4999998488792028
84,90,1.5222750638510447
84,96,1.816741468094361
85,4,0.6098328371854294
85,5,0.7900643118559018
85,6,2.314730831621819
85,7,0.8181817711632009
85,9,0.39214799439227976
85,10,0.6123786355331007
85,11,1.3657280174541426
85,16,0.3728909569268619
85,17,1.6624160801690617
85,20,2.590465293607895
85,21,1.022614214562938
85,29,0.015737666947927345
85,31,1.079090379590246
85,33,0.6787352162332483
85,34,1.1977747114543549
85,36,0.20461189529389914
85,38,0.9999999690191063
85,42,1.4648943657407019
85,43,1.2465909214335011
85,44,1.9999997724038925
85,55,0.36449590717183156
85,56,1.999999883523972
85,57,0.08798541328565508
85,61,1.7817416116830247
85,64,0.9999999070842762
85,65,1.8790762427030276
85,69,1.0801654102884855
85,72,1.9999998141685524
85,78,0.6884640012901279
85,79,0.3662605432659622
85,80,1.3890503684119075
85,81,0.2099820491162669
85,84,1.9999999148590641
85,85,0.40664302828478843
85,88,1.999999867429273
85,89,0.6477993979734592
85,93,0.25512460517634805
85,100,0.07014062071295742
86,9,1.1369130616873309
86,12,0.5677071525624746
86,13,0.40836736030713067
86,14,0.9999999778891686
86,16,0.9999999490098075
86,25,1.9999999276130616
86,26,0.2927849608247232
86,31,0.11978243593949912
86,32,0.7677398404572924
86,33,0.5910686904162002
86,35,0.30031374344722783
86,36,1.999999958929444
86,38,0.5710848274861524
86,39,1.9999996750385165
86,40,0.9999999778891686
86,43,0.5213129598147609
86,56,0.4744230372683328
86,57,0.29773953326394836
86,61,0.4928556699614984
86,63,0.5965013462225226
86,66,0.5200900201641746
86,67,1.3478260703816183
86,71,0.9999999367544509
86,72,0.9999999367544509
86,75,0.9999998767117352
86,80,0.999999954475023
86,85,0.372461208963799
86,88,0.5594545566077135
86,90,1.4889428039998343
86,100,1.78091939503179
87,2,0.9999998703852029
87,12,0.9999998650926426
87,14,0.9999999767697536
87,15,0.375934680065153
87,18,1.3618161791053311
87,20,0.999999960313732
87,25,1.999999877797989
87,31,0.7130753406751084
87,32,0.9999999662731572
87,33,0.8295828241053317
87,35,0.4211007292921164
87,40,0.9999999083484945
87,53,0.31482649510079175
87,54,0.8477348395226716
87,56,1.9999999010050555
87,57,1.9999999845738496
87,64,0.9642400269270839
87,65,0.30417389868325573
87,67,1.532748514683759
87,77,0.38278219877039066
87,78,0.36897818810274646
87,80,0.9999999581670005
87,81,0.9345027923407123
87,84,0.39228093611357184
87,87,0.9188233995590438
87,89,0.9999999775500562
87,90,0.9267020641114347
87,91,0.9999999637715594
87,92,0.39423339170030147
87,95,0.31676445670540426
87,100,0.9999999388989945
88,1,0.8471205727677931
88,2,1.489363600250618
88,5,0.6328619256978489
88,8,1.99999986350345
88,9,0.516330370196113
88,14,1.5857863371475323
88,25,1.4999999188751008
88,26,0.7098515112647713
88,29,0.36990362054430337
88,30,0.999999887750291
88,31,0.015663891688060025
88,33,0.8843468865580946
88,34,1.999999815067597
88,35,0.9999999664589815
88,36,1.1616506978809693
88,37,0.46410159096025355
88,38,0.9322091456059987
88,42,0.8550427228581713
88,47,0.5634581523525983
88,53,1.9999995757360212
88,55,1.3816523638791869
88,61,0.7398127448920621
88,63,1.2450670686641554
88,66,0.03912601297959847
88,67,0.9752930204650673
88,76,1.999999783666947
88,77,0.9099667338349614
88,78,0.31523643229687864
88,81,0.34760006614126604
88,84,1.2905839202900318
88,85,1.9999999863463436
88,89,1.510068872417936
88,90,2.999999475214421
88,91,0.19132916986186818
88,92,0.9652331253736461
88,96,1.3841996178351024
88,99,0.662294612879758
88,100,1.4565712550846228
89,3,1.9999997171573276
89,7,0.5999999721145213
89,10,0.9999998715476908
89,12,0.6143842107071599
89,13,0.5706599507209941
89,14,0.9999999589419515
89,17,0.9999998838105132
89,18,0.10591018289841587
89,20,0.8267490965186532
89,24,0.43427696336911853
89,26,0.1420838233568073
89,28,0.9439999390508144
89,31,1.701426973280527
89,32,0.9413785333145084
89,33,0.1731629271909431
89,35,0.8517498492741706
89,37,0.9999999225403391
89,41,1.9999997171573276
89,44,1.3538893001057286
89,47,0.055809639227378915
89,51,1.1275482475689675
89,52,0.9999999552786425
89,56,0.4356654880971115
89,57,1.1439478028338277
89,58,0.3407547819897612
89,61,0.9999998838105132
89,62,0.1113223016477663
89,65,1.4232319336822767
89,71,0.9999999500000025
89,72,0.6259332842614027
89,77,0.5092624158586366
89,79,1.2154380465899737
89,80,1.114848271694377
89,81,0.5892983793675607
89,84,1.9999997033521046
89,85,0.1622776564441839
89,86,0.3740666844419331
89,89,0.31385932453428295
89,93,0.22078900177780145
89,100,0.3660253934068114
90,1,1.9999998592875372
90,5,0.99999995892081
90,6,0.5741967018503635
90,9,0.38240549150084396
90,10,1.5205263089574892
90,11,0.6579288541056175
90,14,0.9999999784176181
90,15,0.8508511394985621
90,17,1.9999998967721022
90,18,0.090081931344493
90,20,1.3680439814952146
90,29,0.49081866320204814
90,30,0.02399183447159983
90,31,1.6607445240596668
90,32,1.9999999187596194
90,33,0.3354283509367133
90,34,1.4861003444071994
90,35,1.2030959422463752
90,36,0.18610835275474039
90,37,0.9999999625834276
90,41,0.49705298911513884
90,42,0.23862168368923006
90,53,0.3279344168367522
90,54,1.4999999579063557
90,55,0.9999998592875471
90,56,1.9999999231464358
90,61,0.1441342082082488
90,64,1.6741658646548194
90,65,1.4725037533411485
90,69,0.9999999775645105
90,71,0.9999999438751423
90,78,1.59999996408009
90,84,0.4642654291616397
90,85,0.9999999537668971
90,87,1.845563655273343
90,88,0.6762732975281104
90,89,0.0921801042916386
90,91,0.7330045697154844
90,92,0.19999999365019708
90,95,0.9999999438751423
90,98,0.3100255424062468
91,1,1.5678958908133003
91,2,1.5505101980796352
91,4,0.9760401874838822
91,5,0.045478045717689694
91,6,1.9647077648684643
91,11,0.9099908673215307
91,17,0.5288790457811299
91,18,0.7036878569842365
91,20,2.7677335066357824
91,21,1.6130666793109039
91,22,0.6350135709706387
91,23,0.09340033128306564
91,26,0.3101195467691152
91,27,0.4193861362324168
91,29,1.6205341912748847
91,31,0.0535019969797256
91,33,1.5047173377790248
91,38,1.1443399816442004
91,49,0.8496153203874753
91,51,0.08596961503859245
91,52,0.19999999608081648
91,56,0.11528220418479326
91,59,0.8404069576657344
91,61,1.1971197618168339
91,63,1.9999997550510558
91,65,0.6636517531877705
91,67,0.15780765794397583
91,69,1.102143832854084
91,70,0.9999999288194834
91,75,0.9999998851087604
91,76,1.0811765350216904
91,77,0.9999999307179726
91,78,1.9999997864584578
91,84,1.9050309440284354
91,96,1.9999999377117808
91,99,0.4608729495842522
91,100,0.17927585349873698
92,1,0.9999999598886578
92,2,0.2902582077859293
92,6,0.25426306023901757
92,8,1.999999740000034
92,10,0.08483115242710797
92,11,1.9999997070836728
92,12,0.25452605755278485
92,14,1.2204099511834952
92,15,0.8601632806849057
92,17,0.568583688400274
92,20,2.5861953968482427
92,22,1.3698403982220326
92,25,1.7941742223135897
92,26,0.037697977559868985
92,31,0.8094513271142713
92,33,0.7355648629229624
92,34,0.46036124757844643
92,36,1.6706977863025305
92,37,0.9999999325463168
92,38,1.401060583470263
92,40,0.13030614879756405
92,44,1.999999809212178
92,50,0.9999998233648139
92,51,0.9999999480612014
92,54,1.999999460370643
92,56,0.7162204391381957
92,58,0.5497863479669792
92,59,1.5993446959503572
92,61,1.4798944775248462
92,63,1.1616507264405405
92,65,1.9127557767836139
92,67,1.1159584983809452
92,73,0.9999998557779699
92,77,0.5342814968327942
92,78,2.2200744397919276
92,80,0.4579334193461375
92,81,1.407794535317825
92,84,0.6723413293208687
92,85,0.34607517487555317
92,86,0.28219873759388814
92,90,0.9999999583666818
92,92,0.8762756242553239
92,93,0.1933133760525291
92,96,0.44017361364914637
92,100,0.7129140296222286
93,5,1.872021019562563
93,6,0.36266962874253483
93,7,1.1876726180526778
93,8,0.49420813395223234
93,9,0.5191126539041764
93,11,0.6762634776061911
93,21,0.6835690060046216
93,26,0.3697141050444192
93,28,1.0111290790053018
93,29,0.7917130537311255
93,31,1.9999998975304976
93,32,1.9999998816784115
93,35,0.9999999671365019
93,37,0.36084776475237584
93,38,0.9999999010050605
93,44,1.999999802010121
93,54,0.9999999351925972
93,55,0.9999999703290604
93,59,1.9999997818257815
93,61,0.635197747130391
93,76,0.5741780995140684
93,78,2.9999996727386726
93,80,0.9999999837443282
93,83,0.9999999408392057
93,86,0.4622923125431886
94,5,1.2970503144946999
94,6,1.2260194752323197
94,7,0.9999998010025521
94,9,0.19676403320939037
94,10,0.9738239800194161
94,13,1.2510486539327998
94,15,1.9084764492119681
94,17,0.8247224295458527
94,20,0.37909292632549957
94,22,1.5029469260729549
94,28,1.8409465488540722
94,29,1.3483313537156492
94,30,0.9999996960264093
94,31,1.2515397400617136
94,32,1.7743196430352814
94,35,0.1547218798125901
94,37,0.6930904917081604
94,38,1.2207889406217172
94,39,1.5827563022290279
94,43,2.140412390402184
94,49,0.17266723427392627
94,53,1.0868023650993437
94,55,1.088708109491971
94,57,0.7563459470959717
94,59,0.6228427678436746
94,61,1.3978182709496134
94,65,1.3363128202783765
94,71,1.6414297507608164
94,72,0.4114897802110251
94,75,0.5837743059864351
94,80,0.9999999921412973
94,86,0.1257479593652057
94,87,0.9067984213334066
94,88,0.9570637921020749
94,90,0.2911407700825659
94,92,1.4494896999044844
95,2,0.9999998233648139
95,4,1.9999999029175655
95,5,0.9999999301788047
95,6,0.5659622127817376
95,9,0.9999999490098075
95,13,0.9999999309589542
95,14,0.6911498679374299
95,15,1.9999998619179085
95,16,0.9999999900000002
95,18,0.1180613259417506
95,21,0.09691127425464668
95,25,1.2805571028910612
95,28,0.13099432638508227
95,31,0.45595691063063126
95,32,1.2119009787158816
95,33,0.9999999755935312
95,36,1.9999998197224527
95,39,0.8874821665068455
95,43,1.1325401837623226
95,45,0.9999999449242976
95,53,0.4999999779205988
95,57,1.4843999543056892
95,61,0.9999999514587827
95,63,0.5838808582778943
95,67,1.9999999089774239
95,80,0.9999999628081497
95,90,2.0497909474765517
95,93,0.06167624753152426
95,100,1.7038224901984242
96,8,0.999999880417407
96,11,0.9999999913266854
96,14,0.9999999807275181
96,15,0.2939187274936015
96,25,1.9999999067690313
96,28,0.9242894312926881
96,30,1.2828595863859766
96,31,0.2553967832929188
96,32,0.16435175495219778
96,33,0.18230689184853843
96,34,0.9999998513393347
96,35,0.9999998918334735
96,36,1.095370987307544
96,38,1.9999998197224527
96,39,1.999999944924296
96,41,1.9999997115559398
96,47,1.592636748060367
96,50,0.9999999375500239
96,51,0.5450065334498082
96,55,0.4865035502880278
96,61,0.8697269110313486
96,62,1.999999927888977
96,63,1.9999998197224527
96,64,1.6567347101283056
96,65,0.9999999807275181
96,67,0.9442718698130633
96,70,0.19470084084817668
96,76,0.30189626952669774
96,80,0.763932007960744
96,83,0.38742587462143996
96,85,1.2126175331860352
96,86,0.9999999807275181
96,87,0.2733510213436039
96,89,1.0757688235527156
97,2,1.0654929080135198
97,5,1.2986492228036908
97,6,0.2462823131303606
97,8,1.999999740000034
97,11,0.3244997804806495
97,14,1.999999740000034
97,18,0.2705517011000868
97,24,0.4026419079225759
97,25,1.9999999855760588
97,26,0.4494897209291005
97,28,0.9215777934060352
97,29,2.6356722755165314
97,33,1.9999999852974872
97,36,1.8063265479934494
97,38,0.4326041659779992
97,40,0.7263810750954302
97,45,0.9999998831667992
97,55,0.5694990973129569
97,59,0.37499999695312514
97,61,0.15604696906165583
97,67,1.1631740442240075
97,69,0.8696032075161968
97,72,0.5941190756199343
97,76,1.9999999800000001
97,82,0.0483549317263766
97,84,0.8646667401656196
97,85,1.999999783666947
97,88,0.18749999847656257
97,89,0.4899959526556738
97,90,1.4580325064672923
97,92,1.9999999444925016
97,94,0.9999999566666685
97,98,0.1428668432524648
97,99,0.585921205602271
97,100,1.2290162291596889
98,1,1.3916888140767865
98,5,1.2353963955745844
98,6,0.9999999823859601
98,7,0.26516186064319214
98,10,0.1992531996619275
98,15,1.6295087528003418
98,16,0.34795795088072834
98,20,0.5786698824835594
98,22,0.8610016823001461
98,23,0.44374108420150377
98,24,0.3797958762101971
98,28,0.6340052706262683
98,29,0.499764633002592
98,31,1.9999999864898805
98,32,0.5399108792480488
98,34,1.6541958418533131
98,35,1.1224854243555575
98,36,0.6530836528489556
98,37,0.6043463496729393
98,38,1.999999903175421
98,49,0.08724510912349046
98,55,0.16952084334302162
98,57,0.1656861197355973
98,61,1.9999997644156482
98,63,1.999999903175421
98,64,0.3575725328509343
98,65,1.263785188129167
98,67,1.126155441775902
98,69,1.2218897532493236
98,72,1.2404081375043032
98,78,1.9999998724692358
98,84,1.7244050799307071
98,85,1.2562850315485279
98,87,1.1957594162849294
98,90,1.2287684295686674
98,91,0.6053560741838528
99,2,0.76817672774023
99,5,1.9218860928469552
99,6,0.9160013889688325
99,10,0.8486206305146291
99,15,0.3950992313649695
99,20,2.999999163758641
99,24,0.1461633413263121
99,25,1.9999999415833944
99,26,0.2898979403869344
99,28,0.9999999696891118
99,29,2.226201833870568
99,30,0.2679491821331209
99,31,0.9220913131551324
99,33,1.2619111150726317
99,34,1.486100341731195
99,36,0.9999999527638932
99,37,0.14159937854649804
99,42,0.8431743208803089
99,55,0.4999999837981488
99,59,0.6666666536851985
99,61,0.189691710363521
99,62,0.8689941658283015
99,64,0.9999998950000111
99,65,1.1519311705320112
99,67,0.17146318447732195
99,69,0.9634252159160492
99,76,1.9999999415833944
99,77,0.6782687952455764
99,78,1.9999998787564508
99,84,1.999999775500582
99,85,1.562220071846603
99,87,0.3717143077647445
99,89,1.4073510489430952
99,90,2.207716095314459
99,91,0.9999999527638932
99,94,0.5318619936695592
99,98,0.49855517262826615
99,99,0.9999999707916972
99,100,1.4937442485585388
100,7,0.3296663248566027
100,8,0.3686367236008296
100,14,0.9999999163340044
100,18,0.9814750927488143
100,20,0.9999999438751423
100,24,0.19306588019744553
100,29,0.6308580298868314
100,31,1.9999998877502847
100,43,0.019609727489413847
100,53,0.6505359268936244
100,54,1.1170951632458928
100,55,0.99999995612518
100,56,1.99999986000001
100,59,0.022982896966872324
100,60,0.9999999922393612
100,64,1.2627265204505995
100,71,1.1145158858484197
100,72,0.9999999408392057
100,76,0.99999995612518
100,80,0.9999999748080382
100,86,0.007845519034204997
100,87,1.5985083222133942
100,91,0.9999999743826238
100,94,0.46725140227037576
100,95,0.999999930000005
100,98,1.9999998650926336
